1,Pentateuch
2,Pentateuch
3,Pentateuch
4,Pentateuch
5,Pentateuch
6,Historical
7,Historical
8,Historical
9,Historical
10,Historical
11,Historical
12,Historical
13,Historical
14,Historical
15,Historical
16,Historical
17,Historical
18,Poetical
19,Poetical
20,Poetical
21,Poetical
22,Poetical
23,Major Prophets
24,Major Prophets
25,Major Prophets
26,Major Prophets
27,Major Prophets
28,Minor Prophets
29,Minor Prophets
30,Minor Prophets
31,Minor Prophets
32,Minor Prophets
33,Minor Prophets
34,Minor Prophets
35,Minor Prophets
36,Minor Prophets
37,Minor Prophets
38,Minor Prophets
39,Minor Prophets
40,Biographical
41,Biographical
42,Biographical
43,Biographical
44,Historical
45,The Pauline Epistles
46,The Pauline Epistles
47,The Pauline Epistles
48,The Pauline Epistles
49,The Pauline Epistles
50,The Pauline Epistles
51,The Pauline Epistles
52,The Pauline Epistles
53,The Pauline Epistles
54,The Pauline Epistles
55,The Pauline Epistles
56,The Pauline Epistles
57,The Pauline Epistles
58,The Pauline Epistles
59,General Epistles
60,General Epistles
61,General Epistles
62,General Epistles
63,General Epistles
64,General Epistles
65,General Epistles
66,Prophetical